CREATE TABLE  LOGIN_USER (
    ID                VARCHAR(20) NOT NULL,
    PASSWORD          VARCHAR(20) NOT NULL,
    VERSION           INTEGER     DEFAULT 0 NOT NULL,
    CONSTRAINT "LOGIN_USER_PK" PRIMARY KEY ("ID")
);

COMMENT ON TABLE LOGIN_USER IS 'ログインユーザ';
COMMENT ON COLUMN LOGIN_USER.ID IS 'ID';
COMMENT ON COLUMN LOGIN_USER.PASSWORD IS 'パスワード';
COMMENT ON COLUMN LOGIN_USER.VERSION IS 'バージョン';

INSERT INTO LOGIN_USER ( ID, PASSWORD, VERSION ) VALUES ('system','system',0);
INSERT INTO LOGIN_USER ( ID, PASSWORD, VERSION ) VALUES ('training','training',0);
INSERT INTO LOGIN_USER ( ID, PASSWORD, VERSION ) VALUES ('skill','skill',0);
INSERT INTO LOGIN_USER ( ID, PASSWORD, VERSION ) VALUES ('reference','reference',0);

CREATE TABLE  LOGIN_SAMPLE (
    ID                VARCHAR(20) NOT NULL,
    PASSWORD          VARCHAR(20) NOT NULL,
    VERSION           TIMESTAMP    DEFAULT CURRENT_TIMESTAMP NOT NULL,
    CONSTRAINT "LOGIN_SAMPLE_PK" PRIMARY KEY ("ID")
);

COMMENT ON TABLE LOGIN_SAMPLE IS 'ログインサンプル';
COMMENT ON COLUMN LOGIN_SAMPLE.ID IS 'ID';
COMMENT ON COLUMN LOGIN_SAMPLE.PASSWORD IS 'パスワード ';
COMMENT ON COLUMN LOGIN_SAMPLE.VERSION IS 'バージョン';

INSERT INTO LOGIN_SAMPLE ( ID, PASSWORD ) VALUES ('test','test');
INSERT INTO LOGIN_SAMPLE ( ID, PASSWORD ) VALUES ('sample','sample');
INSERT INTO LOGIN_SAMPLE ( ID, PASSWORD ) VALUES ('hsql','hsql');
INSERT INTO LOGIN_SAMPLE ( ID, PASSWORD ) VALUES ('system','system');



CREATE TABLE  MAIN (
    ID                INTEGER NOT NULL,
    CONSTRAINT "MAIN_PK" PRIMARY KEY ("ID")
);

COMMENT ON TABLE MAIN IS 'MAIN ';
COMMENT ON COLUMN MAIN.ID IS 'ID';

INSERT INTO MAIN ( ID ) VALUES (1);
INSERT INTO MAIN ( ID ) VALUES (2);
INSERT INTO MAIN ( ID ) VALUES (3);


CREATE TABLE  SUB_A (
    ID                INTEGER NOT NULL,
    MAIN_ID           INTEGER NOT NULL,
    CONSTRAINT "SUB_A_PK" PRIMARY KEY ("ID")
);

COMMENT ON TABLE SUB_A IS 'SUB_A';
COMMENT ON COLUMN SUB_A.ID IS 'ID';
COMMENT ON COLUMN SUB_A.MAIN_ID IS 'MAIN_ID';

INSERT INTO SUB_A ( ID, MAIN_ID ) VALUES (11, 1);
INSERT INTO SUB_A ( ID, MAIN_ID ) VALUES (12, 2);
INSERT INTO SUB_A ( ID, MAIN_ID ) VALUES (13, 3);


CREATE TABLE  SUB_B (
    ID                INTEGER NOT NULL,
    MAIN_ID           INTEGER NOT NULL,
    CONSTRAINT "SUB_B_PK" PRIMARY KEY ("ID")
);

COMMENT ON TABLE SUB_B IS 'SUB_B';
COMMENT ON COLUMN SUB_B.ID IS 'ID';
COMMENT ON COLUMN SUB_B.MAIN_ID IS 'MAIN_ID';

INSERT INTO SUB_B ( ID, MAIN_ID ) VALUES (21, 1);
INSERT INTO SUB_B ( ID, MAIN_ID ) VALUES (22, 1);
INSERT INTO SUB_B ( ID, MAIN_ID ) VALUES (23, 2);


CREATE TABLE  MANY_A (
    ID                INTEGER NOT NULL,
    CONSTRAINT "MANY_A_PK" PRIMARY KEY ("ID")
);

COMMENT ON TABLE MANY_A IS 'MANY_A';
COMMENT ON COLUMN MANY_A.ID IS 'ID';

INSERT INTO MANY_A ( ID ) VALUES (101);
INSERT INTO MANY_A ( ID ) VALUES (102);
INSERT INTO MANY_A ( ID ) VALUES (103);


CREATE TABLE  MANY_B (
    ID                INTEGER NOT NULL,
    CONSTRAINT "MANY_B_PK" PRIMARY KEY ("ID")
);

COMMENT ON TABLE MANY_B IS 'MANY_B';
COMMENT ON COLUMN MANY_B.ID IS 'ID';

INSERT INTO MANY_B ( ID ) VALUES (201);
INSERT INTO MANY_B ( ID ) VALUES (202);
INSERT INTO MANY_B ( ID ) VALUES (203);


CREATE TABLE  MANY_A_B (
    MANY_A_ID         INTEGER NOT NULL,
    MANY_B_ID         INTEGER NOT NULL,
    CONSTRAINT "MANY_A_B_PK" PRIMARY KEY ("MANY_A_ID","MANY_B_ID")
);

COMMENT ON TABLE MANY_A_B IS 'MANY_A_B';
COMMENT ON COLUMN MANY_A_B.MANY_A_ID IS 'A_ID';
COMMENT ON COLUMN MANY_A_B.MANY_B_ID IS 'B_ID';

INSERT INTO MANY_A_B ( MANY_A_ID, MANY_B_ID ) VALUES (101, 201);
INSERT INTO MANY_A_B ( MANY_A_ID, MANY_B_ID ) VALUES (101, 202);
INSERT INTO MANY_A_B ( MANY_A_ID, MANY_B_ID ) VALUES (102, 202);

